timeStamp,elapsed,label,responseCode,responseMessage,threadName,dataType,success,failureMessage,bytes,sentBytes,grpThreads,allThreads,URL,Latency,IdleTime,Connect
1673653795037,911,HTTP Request,200,OK,Thread Group 1-1,text,true,,12547,117,200,200,http://34.132.194.230/,911,0,120
1673653795050,1112,HTTP Request,200,OK,Thread Group 1-3,text,true,,12547,117,199,199,http://34.132.194.230/,1112,0,115
1673653795047,1348,HTTP Request,200,OK,Thread Group 1-2,text,true,,12547,117,198,198,http://34.132.194.230/,1348,0,116
1673653795051,1345,HTTP Request,200,OK,Thread Group 1-5,text,true,,12547,117,197,197,http://34.132.194.230/,1345,0,115
1673653795059,1495,HTTP Request,200,OK,Thread Group 1-6,text,true,,12547,117,196,196,http://34.132.194.230/,1495,0,114
1673653795055,1535,HTTP Request,200,OK,Thread Group 1-4,text,true,,12547,117,195,195,http://34.132.194.230/,1534,0,116
1673653795067,1592,HTTP Request,200,OK,Thread Group 1-8,text,true,,12547,117,194,194,http://34.132.194.230/,1592,0,116
1673653795077,1604,HTTP Request,200,OK,Thread Group 1-10,text,true,,12547,117,193,193,http://34.132.194.230/,1604,0,114
1673653795072,1633,HTTP Request,200,OK,Thread Group 1-9,text,true,,12547,117,192,192,http://34.132.194.230/,1633,0,118
1673653795064,1654,HTTP Request,200,OK,Thread Group 1-7,text,true,,12547,117,191,191,http://34.132.194.230/,1654,0,130
1673653795081,1673,HTTP Request,200,OK,Thread Group 1-11,text,true,,12547,117,190,190,http://34.132.194.230/,1673,0,118
1673653795086,1840,HTTP Request,200,OK,Thread Group 1-12,text,true,,12547,117,189,189,http://34.132.194.230/,1840,0,116
1673653795091,1988,HTTP Request,200,OK,Thread Group 1-13,text,true,,12547,117,188,188,http://34.132.194.230/,1988,0,115
1673653795102,2010,HTTP Request,200,OK,Thread Group 1-15,text,true,,12547,117,187,187,http://34.132.194.230/,2010,0,116
1673653795097,2016,HTTP Request,200,OK,Thread Group 1-14,text,true,,12547,117,186,186,http://34.132.194.230/,2016,0,116
1673653795106,2036,HTTP Request,200,OK,Thread Group 1-16,text,true,,12547,117,185,185,http://34.132.194.230/,2036,0,117
1673653795111,2079,HTTP Request,200,OK,Thread Group 1-17,text,true,,12547,117,184,184,http://34.132.194.230/,2079,0,115
1673653795116,2120,HTTP Request,200,OK,Thread Group 1-18,text,true,,12547,117,183,183,http://34.132.194.230/,2120,0,114
1673653795132,2272,HTTP Request,200,OK,Thread Group 1-21,text,true,,12547,117,182,182,http://34.132.194.230/,2272,0,117
1673653795126,2278,HTTP Request,200,OK,Thread Group 1-20,text,true,,12547,117,182,182,http://34.132.194.230/,2278,0,115
1673653795121,2299,HTTP Request,200,OK,Thread Group 1-19,text,true,,12547,117,180,180,http://34.132.194.230/,2299,0,116
1673653795136,2329,HTTP Request,200,OK,Thread Group 1-22,text,true,,12547,117,179,179,http://34.132.194.230/,2329,0,116
1673653795141,2324,HTTP Request,200,OK,Thread Group 1-23,text,true,,12547,117,179,179,http://34.132.194.230/,2324,0,117
1673653795146,2339,HTTP Request,200,OK,Thread Group 1-24,text,true,,12547,117,177,177,http://34.132.194.230/,2339,0,115
1673653795157,2621,HTTP Request,200,OK,Thread Group 1-26,text,true,,12547,117,176,176,http://34.132.194.230/,2621,0,116
1673653795152,2650,HTTP Request,200,OK,Thread Group 1-25,text,true,,12547,117,175,175,http://34.132.194.230/,2650,0,117
1673653795166,2649,HTTP Request,200,OK,Thread Group 1-28,text,true,,12547,117,174,174,http://34.132.194.230/,2649,0,116
1673653795171,2680,HTTP Request,200,OK,Thread Group 1-29,text,true,,12547,117,173,173,http://34.132.194.230/,2680,0,117
1673653795176,2678,HTTP Request,200,OK,Thread Group 1-30,text,true,,12547,117,172,172,http://34.132.194.230/,2677,0,117
1673653795186,2711,HTTP Request,200,OK,Thread Group 1-32,text,true,,12547,117,171,171,http://34.132.194.230/,2711,0,117
1673653795161,2749,HTTP Request,200,OK,Thread Group 1-27,text,true,,12547,117,170,170,http://34.132.194.230/,2749,0,128
1673653795181,2737,HTTP Request,200,OK,Thread Group 1-31,text,true,,12547,117,169,169,http://34.132.194.230/,2737,0,116
1673653795191,2767,HTTP Request,200,OK,Thread Group 1-33,text,true,,12547,117,168,168,http://34.132.194.230/,2767,0,116
1673653795197,2761,HTTP Request,200,OK,Thread Group 1-34,text,true,,12547,117,167,167,http://34.132.194.230/,2761,0,115
1673653795216,2824,HTTP Request,200,OK,Thread Group 1-38,text,true,,12547,117,166,166,http://34.132.194.230/,2824,0,115
1673653795212,2829,HTTP Request,200,OK,Thread Group 1-37,text,true,,12547,117,165,165,http://34.132.194.230/,2829,0,116
1673653795206,2837,HTTP Request,200,OK,Thread Group 1-36,text,true,,12547,117,164,164,http://34.132.194.230/,2837,0,118
1673653795201,2863,HTTP Request,200,OK,Thread Group 1-35,text,true,,12547,117,163,163,http://34.132.194.230/,2863,0,117
1673653795231,2974,HTTP Request,200,OK,Thread Group 1-41,text,true,,12547,117,162,162,http://34.132.194.230/,2974,0,117
1673653795221,2985,HTTP Request,200,OK,Thread Group 1-39,text,true,,12547,117,161,161,http://34.132.194.230/,2985,0,116
1673653795236,2973,HTTP Request,200,OK,Thread Group 1-42,text,true,,12547,117,160,160,http://34.132.194.230/,2972,0,116
1673653795226,2983,HTTP Request,200,OK,Thread Group 1-40,text,true,,12547,117,160,160,http://34.132.194.230/,2983,0,115
1673653795241,3380,HTTP Request,200,OK,Thread Group 1-43,text,true,,12547,117,158,158,http://34.132.194.230/,3380,0,116
1673653795246,3394,HTTP Request,200,OK,Thread Group 1-44,text,true,,12547,117,157,157,http://34.132.194.230/,3394,0,116
1673653795251,3390,HTTP Request,200,OK,Thread Group 1-45,text,true,,12547,117,156,156,http://34.132.194.230/,3390,0,115
1673653795261,3396,HTTP Request,200,OK,Thread Group 1-47,text,true,,12547,117,155,155,http://34.132.194.230/,3396,0,115
1673653795256,3454,HTTP Request,200,OK,Thread Group 1-46,text,true,,12547,117,154,154,http://34.132.194.230/,3454,0,127
1673653795267,3449,HTTP Request,200,OK,Thread Group 1-48,text,true,,12547,117,153,153,http://34.132.194.230/,3449,0,117
1673653795291,3486,HTTP Request,200,OK,Thread Group 1-53,text,true,,12547,117,152,152,http://34.132.194.230/,3486,0,116
1673653795271,3506,HTTP Request,200,OK,Thread Group 1-49,text,true,,12547,117,151,151,http://34.132.194.230/,3506,0,118
1673653795286,3492,HTTP Request,200,OK,Thread Group 1-52,text,true,,12547,117,151,151,http://34.132.194.230/,3492,0,116
1673653795277,3502,HTTP Request,200,OK,Thread Group 1-50,text,true,,12547,117,149,149,http://34.132.194.230/,3502,0,118
1673653795281,3522,HTTP Request,200,OK,Thread Group 1-51,text,true,,12547,117,148,148,http://34.132.194.230/,3522,0,115
1673653795296,3634,HTTP Request,200,OK,Thread Group 1-54,text,true,,12547,117,147,147,http://34.132.194.230/,3634,0,116
1673653795306,3665,HTTP Request,200,OK,Thread Group 1-56,text,true,,12547,117,146,146,http://34.132.194.230/,3665,0,114
1673653795301,3671,HTTP Request,200,OK,Thread Group 1-55,text,true,,12547,117,145,145,http://34.132.194.230/,3671,0,117
1673653795336,3688,HTTP Request,200,OK,Thread Group 1-62,text,true,,12547,117,144,144,http://34.132.194.230/,3688,0,115
1673653795316,3708,HTTP Request,200,OK,Thread Group 1-58,text,true,,12547,117,144,144,http://34.132.194.230/,3708,0,117
1673653795327,3697,HTTP Request,200,OK,Thread Group 1-60,text,true,,12547,117,144,144,http://34.132.194.230/,3697,0,115
1673653795332,3693,HTTP Request,200,OK,Thread Group 1-61,text,true,,12547,117,141,141,http://34.132.194.230/,3693,0,117
1673653795311,3735,HTTP Request,200,OK,Thread Group 1-57,text,true,,12547,117,140,140,http://34.132.194.230/,3735,0,117
1673653795341,3728,HTTP Request,200,OK,Thread Group 1-63,text,true,,12547,117,139,139,http://34.132.194.230/,3728,0,117
1673653795321,3749,HTTP Request,200,OK,Thread Group 1-59,text,true,,12547,117,138,138,http://34.132.194.230/,3749,0,117
1673653795346,3808,HTTP Request,200,OK,Thread Group 1-64,text,true,,12547,117,137,137,http://34.132.194.230/,3807,0,114
1673653795351,3843,HTTP Request,200,OK,Thread Group 1-65,text,true,,12547,117,136,136,http://34.132.194.230/,3843,0,113
1673653795391,3855,HTTP Request,200,OK,Thread Group 1-73,text,true,,12547,117,135,135,http://34.132.194.230/,3855,0,114
1673653795356,3891,HTTP Request,200,OK,Thread Group 1-66,text,true,,12547,117,134,134,http://34.132.194.230/,3891,0,117
1673653795377,3871,HTTP Request,200,OK,Thread Group 1-70,text,true,,12547,117,133,133,http://34.132.194.230/,3871,0,114
1673653795362,3886,HTTP Request,200,OK,Thread Group 1-67,text,true,,12547,117,133,133,http://34.132.194.230/,3886,0,115
1673653795382,3867,HTTP Request,200,OK,Thread Group 1-71,text,true,,12547,117,131,131,http://34.132.194.230/,3867,0,117
1673653795371,3878,HTTP Request,200,OK,Thread Group 1-69,text,true,,12547,117,130,130,http://34.132.194.230/,3878,0,117
1673653795386,3865,HTTP Request,200,OK,Thread Group 1-72,text,true,,12547,117,129,129,http://34.132.194.230/,3865,0,116
1673653795366,3919,HTTP Request,200,OK,Thread Group 1-68,text,true,,12547,117,128,128,http://34.132.194.230/,3919,0,116
1673653795396,3889,HTTP Request,200,OK,Thread Group 1-74,text,true,,12547,117,128,128,http://34.132.194.230/,3889,0,117
1673653795411,3946,HTTP Request,200,OK,Thread Group 1-77,text,true,,12547,117,126,126,http://34.132.194.230/,3946,0,117
1673653795401,3956,HTTP Request,200,OK,Thread Group 1-75,text,true,,12547,117,126,126,http://34.132.194.230/,3956,0,118
1673653795421,3938,HTTP Request,200,OK,Thread Group 1-79,text,true,,12547,117,124,124,http://34.132.194.230/,3938,0,117
1673653795441,3967,HTTP Request,200,OK,Thread Group 1-83,text,true,,12547,117,123,123,http://34.132.194.230/,3967,0,116
1673653795436,3972,HTTP Request,200,OK,Thread Group 1-82,text,true,,12547,117,123,123,http://34.132.194.230/,3972,0,116
1673653795447,3961,HTTP Request,200,OK,Thread Group 1-84,text,true,,12547,117,123,123,http://34.132.194.230/,3961,0,114
1673653795406,4002,HTTP Request,200,OK,Thread Group 1-76,text,true,,12547,117,123,123,http://34.132.194.230/,4002,0,116
1673653795416,3993,HTTP Request,200,OK,Thread Group 1-78,text,true,,12547,117,119,119,http://34.132.194.230/,3993,0,117
1673653795432,3978,HTTP Request,200,OK,Thread Group 1-81,text,true,,12547,117,118,118,http://34.132.194.230/,3978,0,116
1673653795426,4002,HTTP Request,200,OK,Thread Group 1-80,text,true,,12547,117,117,117,http://34.132.194.230/,4002,0,117
1673653795457,4016,HTTP Request,200,OK,Thread Group 1-86,text,true,,12547,117,116,116,http://34.132.194.230/,4016,0,114
1673653795497,4033,HTTP Request,200,OK,Thread Group 1-94,text,true,,12547,117,115,115,http://34.132.194.230/,4033,0,116
1673653795466,4066,HTTP Request,200,OK,Thread Group 1-88,text,true,,12547,117,114,114,http://34.132.194.230/,4066,0,116
1673653795476,4056,HTTP Request,200,OK,Thread Group 1-90,text,true,,12547,117,114,114,http://34.132.194.230/,4056,0,116
1673653795461,4072,HTTP Request,200,OK,Thread Group 1-87,text,true,,12547,117,114,114,http://34.132.194.230/,4072,0,115
1673653795491,4041,HTTP Request,200,OK,Thread Group 1-93,text,true,,12547,117,114,114,http://34.132.194.230/,4040,0,116
1673653795486,4047,HTTP Request,200,OK,Thread Group 1-92,text,true,,12547,117,114,114,http://34.132.194.230/,4047,0,116
1673653795471,4062,HTTP Request,200,OK,Thread Group 1-89,text,true,,12547,117,109,109,http://34.132.194.230/,4062,0,116
1673653795452,4082,HTTP Request,200,OK,Thread Group 1-85,text,true,,12547,117,108,108,http://34.132.194.230/,4082,0,116
1673653795481,4082,HTTP Request,200,OK,Thread Group 1-91,text,true,,12547,117,107,107,http://34.132.194.230/,4082,0,117
1673653795521,4086,HTTP Request,200,OK,Thread Group 1-99,text,true,,12547,117,106,106,http://34.132.194.230/,4086,0,116
1673653795546,4061,HTTP Request,200,OK,Thread Group 1-104,text,true,,12547,117,106,106,http://34.132.194.230/,4061,0,116
1673653795527,4080,HTTP Request,200,OK,Thread Group 1-100,text,true,,12547,117,104,104,http://34.132.194.230/,4080,0,117
1673653795501,4129,HTTP Request,200,OK,Thread Group 1-95,text,true,,12547,117,103,103,http://34.132.194.230/,4129,0,118
1673653795506,4160,HTTP Request,200,OK,Thread Group 1-96,text,true,,12547,117,102,102,http://34.132.194.230/,4160,0,116
1673653795551,4115,HTTP Request,200,OK,Thread Group 1-105,text,true,,12547,117,102,102,http://34.132.194.230/,4115,0,117
1673653795536,4130,HTTP Request,200,OK,Thread Group 1-102,text,true,,12547,117,102,102,http://34.132.194.230/,4130,0,116
1673653795511,4156,HTTP Request,200,OK,Thread Group 1-97,text,true,,12547,117,99,99,http://34.132.194.230/,4156,0,118
1673653795516,4151,HTTP Request,200,OK,Thread Group 1-98,text,true,,12547,117,99,99,http://34.132.194.230/,4151,0,118
1673653795531,4137,HTTP Request,200,OK,Thread Group 1-101,text,true,,12547,117,98,98,http://34.132.194.230/,4137,0,116
1673653795556,4152,HTTP Request,200,OK,Thread Group 1-106,text,true,,12547,117,96,96,http://34.132.194.230/,4152,0,116
1673653795541,4178,HTTP Request,200,OK,Thread Group 1-103,text,true,,12547,117,95,95,http://34.132.194.230/,4178,0,128
1673653795561,4163,HTTP Request,200,OK,Thread Group 1-107,text,true,,12547,117,94,94,http://34.132.194.230/,4163,0,117
1673653795586,4164,HTTP Request,200,OK,Thread Group 1-112,text,true,,12547,117,93,93,http://34.132.194.230/,4164,0,116
1673653795566,4185,HTTP Request,200,OK,Thread Group 1-108,text,true,,12547,117,92,92,http://34.132.194.230/,4185,0,116
1673653795592,4195,HTTP Request,200,OK,Thread Group 1-113,text,true,,12547,117,91,91,http://34.132.194.230/,4195,0,116
1673653795597,4190,HTTP Request,200,OK,Thread Group 1-114,text,true,,12547,117,91,91,http://34.132.194.230/,4190,0,116
1673653795581,4207,HTTP Request,200,OK,Thread Group 1-111,text,true,,12547,117,89,89,http://34.132.194.230/,4207,0,116
1673653795576,4212,HTTP Request,200,OK,Thread Group 1-110,text,true,,12547,117,88,88,http://34.132.194.230/,4212,0,114
1673653795571,4218,HTTP Request,200,OK,Thread Group 1-109,text,true,,12547,117,87,87,http://34.132.194.230/,4218,0,119
1673653795606,4216,HTTP Request,200,OK,Thread Group 1-116,text,true,,12547,117,86,86,http://34.132.194.230/,4216,0,115
1673653795602,4221,HTTP Request,200,OK,Thread Group 1-115,text,true,,12547,117,85,85,http://34.132.194.230/,4220,0,115
1673653795611,4236,HTTP Request,200,OK,Thread Group 1-117,text,true,,12547,117,84,84,http://34.132.194.230/,4236,0,113
1673653795631,4251,HTTP Request,200,OK,Thread Group 1-121,text,true,,12547,117,83,83,http://34.132.194.230/,4251,0,116
1673653795621,4261,HTTP Request,200,OK,Thread Group 1-119,text,true,,12547,117,82,82,http://34.132.194.230/,4261,0,113
1673653795626,4257,HTTP Request,200,OK,Thread Group 1-120,text,true,,12547,117,81,81,http://34.132.194.230/,4257,0,116
1673653795636,4249,HTTP Request,200,OK,Thread Group 1-122,text,true,,12547,117,80,80,http://34.132.194.230/,4249,0,117
1673653795616,4269,HTTP Request,200,OK,Thread Group 1-118,text,true,,12547,117,80,80,http://34.132.194.230/,4269,0,114
1673653795646,4264,HTTP Request,200,OK,Thread Group 1-124,text,true,,12547,117,78,78,http://34.132.194.230/,4264,0,114
1673653795641,4289,HTTP Request,200,OK,Thread Group 1-123,text,true,,12547,117,77,77,http://34.132.194.230/,4289,0,115
1673653795652,4293,HTTP Request,200,OK,Thread Group 1-125,text,true,,12547,117,76,76,http://34.132.194.230/,4293,0,115
1673653795657,4304,HTTP Request,200,OK,Thread Group 1-126,text,true,,12547,117,75,75,http://34.132.194.230/,4304,0,118
1673653795661,4318,HTTP Request,200,OK,Thread Group 1-127,text,true,,12547,117,74,74,http://34.132.194.230/,4318,0,117
1673653795666,4343,HTTP Request,200,OK,Thread Group 1-128,text,true,,12547,117,73,73,http://34.132.194.230/,4343,0,117
1673653795671,4339,HTTP Request,200,OK,Thread Group 1-129,text,true,,12547,117,72,72,http://34.132.194.230/,4339,0,118
1673653795686,4324,HTTP Request,200,OK,Thread Group 1-132,text,true,,12547,117,72,72,http://34.132.194.230/,4324,0,117
1673653795692,4318,HTTP Request,200,OK,Thread Group 1-133,text,true,,12547,117,72,72,http://34.132.194.230/,4318,0,115
1673653795676,4356,HTTP Request,200,OK,Thread Group 1-130,text,true,,12547,117,69,69,http://34.132.194.230/,4356,0,117
1673653795681,4351,HTTP Request,200,OK,Thread Group 1-131,text,true,,12547,117,69,69,http://34.132.194.230/,4351,0,115
1673653795697,4348,HTTP Request,200,OK,Thread Group 1-134,text,true,,12547,117,67,67,http://34.132.194.230/,4348,0,115
1673653795701,4369,HTTP Request,200,OK,Thread Group 1-135,text,true,,12547,117,66,66,http://34.132.194.230/,4369,0,115
1673653795706,4416,HTTP Request,200,OK,Thread Group 1-136,text,true,,12547,117,65,65,http://34.132.194.230/,4416,0,117
1673653795720,4442,HTTP Request,200,OK,Thread Group 1-139,text,true,,12547,117,64,64,http://34.132.194.230/,4442,0,116
1673653795731,4431,HTTP Request,200,OK,Thread Group 1-141,text,true,,12547,117,64,64,http://34.132.194.230/,4431,0,115
1673653795711,4452,HTTP Request,200,OK,Thread Group 1-137,text,true,,12547,117,62,62,http://34.132.194.230/,4452,0,117
1673653795741,4449,HTTP Request,200,OK,Thread Group 1-143,text,true,,12547,117,61,61,http://34.132.194.230/,4449,0,116
1673653795717,4474,HTTP Request,200,OK,Thread Group 1-138,text,true,,12547,117,60,60,http://34.132.194.230/,4474,0,115
1673653795726,4466,HTTP Request,200,OK,Thread Group 1-140,text,true,,12547,117,59,59,http://34.132.194.230/,4466,0,117
1673653795746,4465,HTTP Request,200,OK,Thread Group 1-144,text,true,,12547,117,58,58,http://34.132.194.230/,4465,0,117
1673653795736,4486,HTTP Request,200,OK,Thread Group 1-142,text,true,,12547,117,57,57,http://34.132.194.230/,4486,0,129
1673653795756,4484,HTTP Request,200,OK,Thread Group 1-146,text,true,,12547,117,56,56,http://34.132.194.230/,4484,0,117
1673653795771,4496,HTTP Request,200,OK,Thread Group 1-149,text,true,,12547,117,55,55,http://34.132.194.230/,4496,0,117
1673653795766,4501,HTTP Request,200,OK,Thread Group 1-148,text,true,,12547,117,55,55,http://34.132.194.230/,4501,0,117
1673653795751,4529,HTTP Request,200,OK,Thread Group 1-145,text,true,,12547,117,53,53,http://34.132.194.230/,4529,0,127
1673653795781,4525,HTTP Request,200,OK,Thread Group 1-151,text,true,,12547,117,52,52,http://34.132.194.230/,4525,0,117
1673653795762,4544,HTTP Request,200,OK,Thread Group 1-147,text,true,,12547,117,52,52,http://34.132.194.230/,4544,0,116
1673653795787,4541,HTTP Request,200,OK,Thread Group 1-152,text,true,,12547,117,50,50,http://34.132.194.230/,4541,0,114
1673653795776,4554,HTTP Request,200,OK,Thread Group 1-150,text,true,,12547,117,49,49,http://34.132.194.230/,4554,0,117
1673653795791,4559,HTTP Request,200,OK,Thread Group 1-153,text,true,,12547,117,48,48,http://34.132.194.230/,4559,0,117
1673653795796,4555,HTTP Request,200,OK,Thread Group 1-154,text,true,,12547,117,48,48,http://34.132.194.230/,4554,0,117
1673653795806,4589,HTTP Request,200,OK,Thread Group 1-156,text,true,,12547,117,46,46,http://34.132.194.230/,4589,0,116
1673653795801,4595,HTTP Request,200,OK,Thread Group 1-155,text,true,,12547,117,45,45,http://34.132.194.230/,4595,0,115
1673653795816,4580,HTTP Request,200,OK,Thread Group 1-158,text,true,,12547,117,45,45,http://34.132.194.230/,4579,0,118
1673653795811,4609,HTTP Request,200,OK,Thread Group 1-157,text,true,,12547,117,43,43,http://34.132.194.230/,4609,0,116
1673653795826,4617,HTTP Request,200,OK,Thread Group 1-160,text,true,,12547,117,42,42,http://34.132.194.230/,4617,0,118
1673653795821,4622,HTTP Request,200,OK,Thread Group 1-159,text,true,,12547,117,42,42,http://34.132.194.230/,4622,0,117
1673653795836,4652,HTTP Request,200,OK,Thread Group 1-162,text,true,,12547,117,40,40,http://34.132.194.230/,4652,0,116
1673653795841,4647,HTTP Request,200,OK,Thread Group 1-163,text,true,,12547,117,39,39,http://34.132.194.230/,4647,0,116
1673653795831,4658,HTTP Request,200,OK,Thread Group 1-161,text,true,,12547,117,38,38,http://34.132.194.230/,4658,0,116
1673653795846,4671,HTTP Request,200,OK,Thread Group 1-164,text,true,,12547,117,37,37,http://34.132.194.230/,4671,0,117
1673653795851,4702,HTTP Request,200,OK,Thread Group 1-165,text,true,,12547,117,36,36,http://34.132.194.230/,4702,0,115
1673653795857,4696,HTTP Request,200,OK,Thread Group 1-166,text,true,,12547,117,36,36,http://34.132.194.230/,4696,0,115
1673653795862,4691,HTTP Request,200,OK,Thread Group 1-167,text,true,,12547,117,36,36,http://34.132.194.230/,4691,0,116
1673653795871,4731,HTTP Request,200,OK,Thread Group 1-169,text,true,,12547,117,33,33,http://34.132.194.230/,4731,0,116
1673653795876,4727,HTTP Request,200,OK,Thread Group 1-170,text,true,,12547,117,32,32,http://34.132.194.230/,4727,0,115
1673653795866,4738,HTTP Request,200,OK,Thread Group 1-168,text,true,,12547,117,31,31,http://34.132.194.230/,4738,0,115
1673653795886,4730,HTTP Request,200,OK,Thread Group 1-172,text,true,,12547,117,30,30,http://34.132.194.230/,4730,0,114
1673653795901,4746,HTTP Request,200,OK,Thread Group 1-175,text,true,,12547,117,29,29,http://34.132.194.230/,4746,0,117
1673653795911,4736,HTTP Request,200,OK,Thread Group 1-177,text,true,,12547,117,29,29,http://34.132.194.230/,4736,0,118
1673653795896,4751,HTTP Request,200,OK,Thread Group 1-174,text,true,,12547,117,29,29,http://34.132.194.230/,4751,0,119
1673653795891,4777,HTTP Request,200,OK,Thread Group 1-173,text,true,,12547,117,26,26,http://34.132.194.230/,4777,0,117
1673653795881,4789,HTTP Request,200,OK,Thread Group 1-171,text,true,,12547,117,25,25,http://34.132.194.230/,4789,0,118
1673653795906,4775,HTTP Request,200,OK,Thread Group 1-176,text,true,,12547,117,24,24,http://34.132.194.230/,4775,0,116
1673653795926,4800,HTTP Request,200,OK,Thread Group 1-180,text,true,,12547,117,23,23,http://34.132.194.230/,4800,0,117
1673653795922,4804,HTTP Request,200,OK,Thread Group 1-179,text,true,,12547,117,23,23,http://34.132.194.230/,4803,0,115
1673653795916,4810,HTTP Request,200,OK,Thread Group 1-178,text,true,,12547,117,23,23,http://34.132.194.230/,4810,0,116
1673653795931,4813,HTTP Request,200,OK,Thread Group 1-181,text,true,,12547,117,20,20,http://34.132.194.230/,4813,0,117
1673653795951,4816,HTTP Request,200,OK,Thread Group 1-185,text,true,,12547,117,19,19,http://34.132.194.230/,4816,0,114
1673653795941,4829,HTTP Request,200,OK,Thread Group 1-183,text,true,,12547,117,18,18,http://34.132.194.230/,4827,0,116
1673653795936,4834,HTTP Request,200,OK,Thread Group 1-182,text,true,,12547,117,18,18,http://34.132.194.230/,4834,0,118
1673653795967,4831,HTTP Request,200,OK,Thread Group 1-188,text,true,,12547,117,16,16,http://34.132.194.230/,4831,0,115
1673653795957,4841,HTTP Request,200,OK,Thread Group 1-186,text,true,,12547,117,15,15,http://34.132.194.230/,4841,0,116
1673653795946,4853,HTTP Request,200,OK,Thread Group 1-184,text,true,,12547,117,14,14,http://34.132.194.230/,4853,0,116
1673653795971,4853,HTTP Request,200,OK,Thread Group 1-189,text,true,,12547,117,13,13,http://34.132.194.230/,4853,0,115
1673653795976,4864,HTTP Request,200,OK,Thread Group 1-190,text,true,,12547,117,12,12,http://34.132.194.230/,4864,0,116
1673653795981,4870,HTTP Request,200,OK,Thread Group 1-191,text,true,,12547,117,11,11,http://34.132.194.230/,4870,0,117
1673653795961,4892,HTTP Request,200,OK,Thread Group 1-187,text,true,,12547,117,10,10,http://34.132.194.230/,4892,0,129
1673653796006,4886,HTTP Request,200,OK,Thread Group 1-196,text,true,,12547,117,9,9,http://34.132.194.230/,4886,0,116
1673653795986,4911,HTTP Request,200,OK,Thread Group 1-192,text,true,,12547,117,8,8,http://34.132.194.230/,4908,0,115
1673653796011,4888,HTTP Request,200,OK,Thread Group 1-197,text,true,,12547,117,7,7,http://34.132.194.230/,4886,0,117
1673653795991,4908,HTTP Request,200,OK,Thread Group 1-193,text,true,,12547,117,7,7,http://34.132.194.230/,4908,0,115
1673653796016,4903,HTTP Request,200,OK,Thread Group 1-198,text,true,,12547,117,5,5,http://34.132.194.230/,4903,0,115
1673653796022,4897,HTTP Request,200,OK,Thread Group 1-199,text,true,,12547,117,5,5,http://34.132.194.230/,4897,0,115
1673653795996,4934,HTTP Request,200,OK,Thread Group 1-194,text,true,,12547,117,3,3,http://34.132.194.230/,4934,0,116
1673653796026,4911,HTTP Request,200,OK,Thread Group 1-200,text,true,,12547,117,2,2,http://34.132.194.230/,4911,0,116
1673653796001,4946,HTTP Request,200,OK,Thread Group 1-195,text,true,,12547,117,1,1,http://34.132.194.230/,4946,0,117
